ID,Name,SMILES,ECOLI
0,Methylmalonyl-coa,CC(C(=O)O)C(=O)SCCN=C(O)CCN=C(O)[C@H](O)C(C)(C)COP(=O)(O)OP(=O)(O)OC[C@H]1O[C@@H](n2cnc3c(N)ncnc32)[C@H](O)[C@@H]1OP(=O)(O)O,True
1,Benzoate,O=C(O)c1ccccc1,False
2,3-methylbenzoate,Cc1cccc(C(=O)O)c1,False
3,2-methylbenzoate,Cc1ccccc1C(=O)O,False
4,4-methylbenzoate,Cc1ccc(C(=O)O)cc1,False
5,Salicylic acid,O=C(O)c1ccccc1O,False
6,Aspirin,CC(=O)Oc1ccccc1C(=O)O,False
7,Malonyl-coa,CC(C)(COP(=O)(O)OP(=O)(O)OCC1OC(n2cnc3c(N)ncnc32)C(O)C1OP(=O)(O)O)C(O)C(O)=NCCC(O)=NCCSC(=O)CC(=O)O,True
8,Quinic acid,O=C(O)C1(O)CC(O)C(O)C(O)C1,False
9,Mevalonate,CC(O)(CCO)CC(=O)O,False
10,Cai-1,CCCCCCCCCC(=O)[C@@H](O)CC,False
11,Phenylalanine,NC(Cc1ccccc1)C(=O)O,True
12,Tryptophan,NC(Cc1c[nH]c2ccccc12)C(=O)O,True
13,Tyrosine,N[C@@H](Cc1ccc(O)cc1)C(=O)O,True
14,Naringenin,O=C1CC(c2ccc(O)cc2)Oc2cc(O)cc(O)c21,False
15,Putrescine,NCCCCN,True
16,Cadaverine,NCCCCCN,True
17,3-chlorobenzoate,O=C(O)c1cccc(Cl)c1,False
18,"2,3-dimethylbenzoate",Cc1cccc(C(=O)O)c1C,False
19,3-bromobenzoate,O=C(O)c1cccc(Br)c1,False
20,"3,4-dimethylbenzoate",Cc1ccc(C(=O)O)cc1C,False
21,2-chlorobenzoate,O=C(O)c1ccccc1Cl,False
22,"3,4-dichlorobenzoate",O=C(O)c1ccc(Cl)c(Cl)c1,False
23,Phenol,Oc1ccccc1,False
24,"2-chloro-cis,cis-muconate",O=C(O)/C=C\C=C(\Cl)C(=O)O,False
25,"3,4-dimethylphenol",Cc1ccc(O)cc1C,False
26,2-hydroxytoluene,Cc1ccccc1O,False
27,3-hydroxytoluene,Cc1cccc(O)c1,False
28,4-hydroxytoluene,Cc1ccc(O)cc1,False
29,Chlorohydroquinone,Oc1ccc(O)c(Cl)c1,False
30,"2,6-dichlorohydroquinone(dich)",Oc1cc(Cl)c(O)c(Cl)c1,False
31,"2,5-dichlorohydroquinone",Oc1cc(Cl)c(O)cc1Cl,False
32,Atp,Nc1ncnc2c1ncn2[C@@H]1O[C@H](COP(=O)(O)OP(=O)(O)OP(=O)(O)O)[C@@H](O)[C@H]1O,True
33,4-nitrotoluene,Cc1ccc([N+](=O)[O-])cc1,False
34,M-xylene,Cc1cccc(C)c1,False
35,3-methylbenzylalcohol,Cc1cccc(CO)c1,False
36,2-nitrotoluene,Cc1ccccc1[N+](=O)[O-],False
37,P-xylene,Cc1ccc(C)cc1,False
38,Toluene,Cc1ccccc1,False
39,M-amino-nitrotoluene,Cc1ccc(N)cc1N,False
40,4-chlorobenzaldehyde,O=Cc1ccc(Cl)cc1,False
41,Benzene,c1ccccc1,False
42,O-xylene,Cc1ccccc1C,False
43,"1,1,2-trichloroethylene",ClC=C(Cl)Cl,False
44,Ethylbenzene,CCc1ccccc1,False
45,P-cumate,CC(C)c1ccc(C(=O)O)cc1,False
46,"Cis,cis-muconate",O=C(O)C=CC=CC(=O)O,False
47,"2,2-dihydroxybiphenyl'",Oc1ccccc1-c1ccccc1O,False
48,2-hydroxydiphenylmethane,Oc1ccccc1Cc1ccccc1,False
49,2-hydroxybiphenyl,Oc1ccccc1-c1ccccc1,False
50,2-aminobiphenyl,Nc1ccccc1-c1ccccc1,False
51,3-(3-hydroxyphenyl)propinoic_acid,O=C(O)CCc1cccc(O)c1,True
52,P-cymene,Cc1ccc(C(C)C)cc1,False
53,Naphthalene,c1ccc2ccccc2c1,False
54,4-hydroxyphenylacetate,O=C(O)Cc1ccc(O)cc1,False
55,3-hydroxyphenylacetate,O=C(O)Cc1cccc(O)c1,False
56,"3,4-dihydroxyphenylacetate",O=C(O)Cc1ccc(O)c(O)c1,False
57,Benzylpropionate,CCC(=O)OCc1ccccc1,False
58,4-hydroxybenzylacetate,CC(=O)OCc1ccc(O)cc1,False
59,2-hydroxybenzylacetate,CC(=O)OCc1ccccc1O,False
60,Benzylacetate,O=C(O)CCc1ccccc1,True
61,Benzaldehyde,O=Cc1ccccc1,False
62,Benzylbutyrate,CCCC(=O)OCc1ccccc1,False
63,Benzylalcohol,OCc1ccccc1,False
64,"3,4-dihydroxybenzoate",O=C(O)c1ccc(O)c(O)c1,False
65,3-chlorophenol,Oc1cccc(Cl)c1,False
66,Biphenyl,c1ccc(-c2ccccc2)cc1,False
67,Phenylacetate,O=C(O)Cc1ccccc1,True
68,2-iodobenzoate,O=C(O)c1ccccc1I,False
69,2-bromobenzoate,O=C(O)c1ccccc1Br,False
70,2-hydroxymuconic-semialdehyde,O=C(O)C(=O)/C=C/C=C/O,False
71,Styrene,C=Cc1ccccc1,False
72,"2,4-dimethylphenol",Cc1ccc(O)c(C)c1,False
73,"2,3-dimethylphenol",Cc1cccc(O)c1C,False
74,"2,5-dimethylphenol",Cc1ccc(C)c(O)c1,False
75,"2-amino-4,6-dinitrotoluene",Cc1c(N)cc([N+](=O)[O-])cc1[N+](=O)[O-],False
76,3-nitrotoluene,Cc1cccc([N+](=O)[O-])c1,False
77,"4-amino-2,6-dinitrotoluene",Cc1c([N+](=O)[O-])cc(N)cc1[N+](=O)[O-],False
78,Nitrobenzene,O=[N+]([O-])c1ccccc1,False
79,"2,6-dinitrotoluene",Cc1c([N+](=O)[O-])cccc1[N+](=O)[O-],False
80,Anthranilate,Nc1ccccc1C(=O)O,True
81,"2,4-dinitrotoluene",Cc1ccc([N+](=O)[O-])cc1[N+](=O)[O-],False
82,Phenylacetyl-coa,CC(C)(COP(=O)(O)OP(=O)(O)OC[C@H]1O[C@@H](n2cnc3c(N)ncnc32)[C@H](O)[C@@H]1OP(=O)(O)O)[C@@H](O)C(O)=NCCC(O)=NCCSC(=O)Cc1ccccc1,True
83,Vanillate,COc1cc(C(=O)O)ccc1O,False
84,3-oxoadipate,O=C(O)CCC(=O)CC(=O)O,False
85,"2-hydroxy-6-oxo-6-phenylhexa-2,4-dienoate",O=C(O)C(=O)C=CC=C(O)c1ccccc1,False
86,"2,4-dichlorophenoxyaceticacid",O=C(O)COc1ccc(Cl)cc1Cl,False
87,4-chlorophenoxyacetate,O=C(O)COc1ccc(Cl)cc1,False
88,Aniline,Nc1ccccc1,False
89,Hydroxycinnamoyl-coa,CC(C)(COP(=O)(O)OP(=O)(O)OC[C@H]1O[C@@H](n2cnc3c(N)ncnc32)[C@H](O)[C@@H]1OP(=O)(O)O)[C@@H](O)C(O)=NCCC(O)=NCCSC(=O)/C(O)=C/c1ccccc1,False
90,Cinnamic_acid,O=C(O)/C=C/c1ccccc1,True
91,4-hydroxybenzoate,O=C(O)c1ccc(O)cc1,True
92,"3-carboxy-cis,cis-muconate",O=C(O)/C=C\C(=C/C(=O)O)C(=O)O,False
93,Gamma-carboxymuconolactone,O=C(O)CC1(C(=O)O)C=CC(=O)O1,False
94,Toluene-4-sulfonate,Cc1ccc(S(=O)(=O)O)cc1,False
95,Benzoyl-coa,CC(C)(COP(=O)(O)OP(=O)(O)OC[C@H]1O[C@@H](n2cnc3c(N)ncnc32)[C@H](O)[C@@H]1OP(=O)(O)O)[C@@H](O)C(O)=NCCC(O)=NCCSC(=O)c1ccccc1,False
96,Ethylsalicylic acid,CCOC(=O)c1ccccc1O,False
97,"2,3-dihydroxybiphenyl",Oc1cccc(-c2ccccc2)c1O,False
98,3-hydroxybenzoate,O=C(O)c1cccc(O)c1,False
99,Tagatose-6-phosphate,O=P(O)(O)OCC1OC(O)(CO)C(O)C1O,True
100,L-galactose,O=C[C@@H](O)[C@H](O)[C@H](O)[C@@H](O)CO,True
101,Phosphate,O=P(O)(O)O,True
102,Oleate,CCCCCCCCC=CCCCCCCCC(=O)O,True
103,Linoleate,CCCCC/C=C\C/C=C\CCCCCCCC(=O)O,False
104,Phytanate,CC(C)CCCC(C)CCCC(C)CCCC(C)CC(=O)O,False
105,Gamma-linolenic acid,CCCCC/C=C\C/C=C\C/C=C\CCCCC(=O)O,False
106,"Fructose-1,6-diphosphate",O=P(O)(O)OCC1OC(O)(COP(=O)(O)O)C(O)C1O,True
107,L-fuculose-1-phosphate,C[C@H](O)[C@@H](O)[C@@H](O)C(=O)COP(=O)(O)O,True
108,Fucose,C[C@@H]1OC(O)[C@@H](O)[C@H](O)[C@@H]1O,True
109,Sorbitol,OC[C@@H](O)[C@@H](O)[C@H](O)[C@@H](O)CO,True
110,Glycerol-3-phosphate,O=P(O)(O)OCC(O)CO,True
111,Oxygen,O=O,True
112,Nitric oxide,[N]=O,True
113,Nickel(ni2+),[Ni+2],True
114,Cobalt(co2+),[Co+2],True
115,Uracil,Oc1ccnc(O)n1,True
116,Glucosamine-6-phosphate,NC1C(O)OC(COP(=O)(O)O)C(O)C1O,True
117,Cellobiose-6-phosphate,O=P(O)(O)OC[C@H]1O[C@@H](O[C@H]2[C@H](O)[C@@H](O)[C@H](O)O[C@@H]2CO)[C@H](O)[C@@H](O)[C@@H]1O,True
118,Lactose,OCC1OC(OC2C(CO)OC(O)C(O)C2O)C(O)C(O)C1O,True
119,"2,4-dinitrophenol",O=[N+]([O-])c1ccc(O)c([N+](=O)[O-])c1,False
120,Carbonyl cyanide m-chlorophenylhydrazone,N#CC(C#N)=NNc1cccc(Cl)c1,False
121,Ascorbate-6-phosphate,O=C1O[C@H](C(O)COP(=O)(O)O)C(O)=C1O,True
122,Chloramphenicol,O=[N+]([O-])c1ccc([C@@H](O)[C@@H](CO)N=C(O)C(Cl)Cl)cc1,False
123,Tetracycline,CN(C)[C@@H]1C(=O)C(C(=N)O)=C(O)[C@@]2(O)C(=O)C3=C(O)c4c(O)cccc4[C@@](C)(O)[C@H]3C[C@@H]12,False
124,Arsenite,O[As](O)O,True
125,Trehalose,OC[C@H]1O[C@H](O[C@H]2O[C@H](CO)[C@@H](O)[C@H](O)[C@H]2O)[C@H](O)[C@@H](O)[C@@H]1O,True
126,Mannose,OC[C@H]1OC(O)[C@@H](O)[C@@H](O)[C@@H]1O,True
127,Fructose-1-phosphate,O=C(COP(=O)(O)O)C(O)C(O)C(O)CO,False
128,Fructose,OCC1(O)OC[C@@H](O)[C@@H](O)[C@@H]1O,True
129,Fructose-6-phosphate,O=P(O)(O)OC[C@H]1O[C@](O)(CO)[C@@H](O)[C@@H]1O,True
130,Beta-glucoside-6-phosphate,O=[N+]([O-])c1ccc(O[C@@H]2O[C@H](COP(=O)(O)O)[C@@H](O)[C@H](O)[C@H]2O)cc1,False
131,D-glycerate,O=C(O)C(O)CO,True
132,"Cyclic 3',5'-amp",Nc1ncnc2c1ncn2[C@@H]1O[C@@H]2COP(=O)(O)O[C@H]2[C@H]1O,True
133,L-xylulose,OCC1(O)OCC(O)C1O,True
134,Glycerate,O=C(O)[C@H](O)CO,True
135,Pyridoxal-5-phosphate,Cc1ncc(COP(=O)(O)O)c(C=O)c1O,True
136,Iron(fe2+),[Fe+2],True
137,Hydrogen peroxide,OO,True
138,Manganese(mn2+),[Mn+2],True
139,Ribose,OC1OC[C@@H](O)[C@@H](O)[C@H]1O,True
140,Ferulic acid,COc1cc(/C=C/C(=O)O)ccc1O,False
141,Galacturonate,O=C(O)[C@H]1O[C@H](O)[C@H](O)[C@@H](O)[C@H]1O,True
142,Glucuronate,O=C(O)[C@H]1OC(O)[C@H](O)[C@@H](O)[C@@H]1O,True
143,Allose-6-phosphate,O=C[C@H](O)[C@H](O)[C@H](O)[C@H](O)COP(=O)(O)O,True
144,Acetate,CC(=O)O,True
145,D-allose,OC[C@H]1OC(O)[C@H](O)[C@H](O)[C@@H]1O,True
146,Mannitol,OC[C@@H](O)[C@@H](O)[C@H](O)[C@H](O)CO,True
147,Ethidium bromide,CCn1c2cc(=N)ccc-2c2ccc(N)cc2c1-c1ccccc1,False
148,Proflavin,Nc1ccc2cc3ccc(N)cc3nc2c1,False
149,Rhodamine 6g,CCN=c1cc2oc3cc(NCC)c(C)cc3c(-c3ccccc3C(=O)OCC)c-2cc1C,False
150,Nitrite,O=N[O-],True
151,Nitrate,O=[N+]([O-])[O-],True
152,Gluconate,O=C(O)C(O)C(O)C(O)C(O)CO,True
153,D-glucono-delta-lactone,O=C1OC(CO)C(O)C(O)C1O,False
154,Cadmium(cd2+),[Cd+2],True
155,Silver(ag+),[Ag+],True
156,Arsenate,O=[As](O)(O)O,True
157,Ribitol,OC[C@@H](O)C(O)[C@@H](O)CO,False
158,Copper(cu2+),[Cu+2],True
159,Zinc(zn2+),[Zn+2],True
160,Catechin,Oc1cc(O)c2c(c1)O[C@H](c1ccc(O)c(O)c1)[C@@H](O)C2,False
161,Fisetin,O=c1c(O)c(-c2ccc(O)c(O)c2)oc2cc(O)ccc12,False
162,Quercetin,O=c1c(O)c(-c2ccc(O)c(O)c2)oc2cc(O)cc(O)c12,False
163,2-oxoglutarate,O=C(O)CCC(=O)C(=O)O,True
164,Glutamate,NC(CCC(=O)O)C(=O)O,True
165,N-acetylgalactosamine-6-phosphate,CC(O)=N[C@H]1C(O)O[C@H](COP(=O)(O)O)[C@H](O)[C@@H]1O,True
166,N-acetylglucosamine,CC(=O)NC1C(O)OC(CO)C(O)C1O,False
167,5-dehydro-d-gluconate,O=C(O)C(O)C(O)C(O)C(=O)CO,True
168,L-idonate,O=C(O)[C@H](O)[C@@H](O)[C@H](O)[C@@H](O)CO,True
169,Gentisate,O=C(O)c1cc(O)ccc1O,False
170,Histidine,N[C@@H](Cc1cnc[nH]1)C(=O)O,True
171,Galactose-6-phosphate,O=C[C@H](O)[C@@H](O)[C@@H](O)[C@H](O)COP(=O)(O)O,True
172,D-galactose-6-phosphate,O=CC(O)C(O)C(O)C(O)COP(=O)(O)O,True
173,Kojibiose,O=CC(OC1OC(CO)C(O)C(O)C1O)C(O)C(O)C(O)CO,False
174,Galactose,OC[C@H]1OC(O)[C@H](O)[C@@H](O)[C@H]1O,True
175,Sucrose-6-phosphate,O=P(O)(O)OC[C@H]1O[C@H](O[C@]2(CO)O[C@H](CO)[C@@H](O)[C@@H]2O)[C@H](O)[C@@H](O)[C@@H]1O,True
176,Trehalose-6-phosphate,O=P(O)(O)OCC1OC(OC2OC(CO)C(O)C(O)C2O)C(O)C(O)C1O,True
177,Betaine,C[N+](C)(C)CC(=O)O,True
178,Choline,C[N+](C)(C)CCO,True
179,N-acetylglucosamine-6-phosphate,CC(O)=N[C@H]1C(O)O[C@H](COP(=O)(O)O)[C@@H](O)[C@@H]1O,True
180,Galactonate,O=C(O)[C@H](O)[C@@H](O)[C@@H](O)[C@H](O)CO,True
181,L-talarate,O=C(O)C(O)C(O)C(O)C(O)C(=O)O,True
182,Distamycin,Cn1cc(NC(=O)c2cc(NC(=O)c3cc(N=CO)cn3C)cn2C)cc1C(=O)NCCC(=N)N,False
183,Bis-indoles,c1ccc2c(Cc3c[nH]c4ccccc34)c[nH]c2c1,False
184,L-lactate,C[C@H](O)C(=O)O,True
185,Chitobiose,CC(O)=NC1C(O)OC(CO)C(OC2OC(CO)C(O)C(O)C2N=C(C)O)C1O,False
186,Glucose,OC[C@H]1OC(O)[C@H](O)[C@@H](O)[C@@H]1O,True
187,4-hydroxyproline,O=C(O)C1CC(O)CN1,False
188,Proline,O=C(O)C1CCCN1,True
189,Homocysteine,NC(CCS)C(=O)O,True
190,Arabinose,OC1OC[C@H](O)[C@H](O)[C@H]1O,True
191,Lysine,NCCCC[C@H](N)C(=O)O,True
192,Arginine,N=C(N)NCCCC(N)C(=O)O,True
193,Glucoside-6-phosphate,C[C@@H]1O[C@H](COP(=O)(O)O)[C@@H](O)[C@H](O)[C@H]1O,False
194,Oleoyl-coa,CCCCCCCC/C=C\CCCCCCCC(=O)SCCN=C(O)CCN=C(O)[C@H](O)C(C)(C)COP(=O)(O)OP(=O)(O)OC[C@H]1O[C@@H](n2cnc3c(N)ncnc32)[C@H](O)[C@@H]1OP(=O)(O)O,True
195,Palmitoyl-coa,CCCCCCCCCCCCCCCC(=O)SCCN=C(O)CCN=C(O)[C@H](O)C(C)(C)COP(=O)(O)OP(=O)(O)OC[C@H]1O[C@@H](n2cnc3c(N)ncnc32)[C@H](O)[C@@H]1OP(=O)(O)O,True
196,Sulfate,O=S(=O)(O)O,True
197,Sulfite,O=S(O)O,True
198,2-aminoethylphosphonate,NCCP(=O)(O)O,False
199,Xylose,OC1OC[C@@H](O)[C@H](O)[C@H]1O,True
200,Psicose,OCC1(O)OC[C@@H](O)[C@@H](O)[C@H]1O,True
201,Molybdate,[Mo],True
202,Sucrose,OC[C@H]1O[C@@](CO)(O[C@H]2O[C@H](CO)[C@@H](O)[C@H](O)[C@H]2O)[C@@H](O)[C@@H]1O,True
203,Shikimate,O=C(O)C1=C[C@@H](O)[C@@H](O)[C@H](O)C1,True
204,Ornithine,NCCCC(N)C(=O)O,True
205,L-citrulline,N=C(O)NCCC[C@H](N)C(=O)O,True
206,Deoxyfructosyl glutamine,CC1(N[C@@H](CCC(=N)O)C(=O)O)O[C@H](CO)[C@@H](O)[C@@H]1O,False
207,Mannopine,N=C(O)CC[C@H](NC[C@@H](O)[C@@H](O)[C@H](O)[C@H](O)CO)C(=O)O,False
208,2-keto-d-gluconate,O=C(O)C(=O)C(O)C(O)C(O)CO,True
209,N-acetylmannosamine-6-phosphate,CC(O)=N[C@H](C=O)[C@@H](O)[C@H](O)[C@H](O)COP(=O)(O)O,True
210,Sialic acid,CC(O)=NC1C(O)CC(O)(C(=O)O)OC1C(O)C(O)CO,True
211,N-acetylneuraminate,CC(O)=N[C@H]1[C@H]([C@H](O)[C@H](O)CO)OC(O)(C(=O)O)C[C@@H]1O,True
212,S-adenosylhomocysteine,Nc1ncnc2c1ncn2[C@@H]1O[C@H](CSCC[C@H](N)C(=O)O)[C@@H](O)[C@H]1O,True
213,Guanine,N=c1nc(O)c2nc[nH]c2[nH]1,True
214,5-phosphoribosyl 1-pyrophosphate,O=P(O)(O)OCC1OC(OP(=O)(O)OP(=O)(O)O)C(O)C1O,True
215,Branched-chain amino acids,CC(C)C[C@H](N)C(=O)O,True
216,Guanosine triphosphate,N=c1nc(O)c2ncn([C@@H]3O[C@H](COP(=O)(O)OP(=O)(O)OP(=O)(O)O)[C@@H](O)[C@H]3O)c2[nH]1,True
217,2-keto-3-deoxygluconate,O=C(O)C(=O)CC(O)C(O)CO,True
218,Sorbose,OCC1(O)OC[C@H](O)[C@@H](O)[C@@H]1O,True
219,Rhamnose,C[C@@H]1OC(O)[C@H](O)[C@H](O)[C@H]1O,True
220,S-adenosylmethionine,C[S+](CCC(N)C(=O)O)CC1OC(n2cnc3c(N)ncnc32)C(O)C1O,True
221,"Guanosine 3',5'-bis(diphosphate)",N=c1nc(O)c2ncn(C3OC(COP(=O)(O)OP(=O)(O)O)C(OP(=O)(O)OP(=O)(O)O)C3O)c2[nH]1,True
222,Thiosulphate,O=S(O)(O)=S,True
223,Homogentisate,O=C(O)Cc1cc(O)ccc1O,False
224,Thiamine phosphate,Cc1ncc(C[n+]2csc(CCOP(=O)(O)O)c2C)c(=N)[nH]1,True
225,Asparagine,N=C(O)C[C@H](N)C(=O)O,True
226,Formate,O=CO,True
227,Galactarate,O=C(O)[C@@H](O)[C@H](O)[C@H](O)[C@@H](O)C(=O)O,True
228,Niacin,O=C(O)c1cccnc1,True
229,Aldotetraouronic acid,CO[C@H]1[C@H](O)[C@@H](O)[C@@H](O[C@H]2[C@H](O[C@@H]3CO[C@@H](O[C@@H]4COC(O)[C@H](O)[C@H]4O)[C@H](O)[C@H]3O)OC[C@@H](O)[C@@H]2O)O[C@@H]1C(=O)O,False
230,Diamide,CN(C)C(=O)/N=N/C(=O)N(C)C,False
231,Tert-butyl hydroperoxide,CC(C)(C)OO,False
232,Cumene hydroperoxide,CC(C)(OO)c1ccccc1,False
233,Galangin,O=c1c(O)c(-c2ccccc2)oc2cc(O)cc(O)c12,False
234,Tamarixetin,COc1ccc(-c2oc3cc(O)cc(O)c3c(=O)c2O)cc1O,False
235,2-methylcitrate,CC(C(=O)O)C(O)(CC(=O)O)C(=O)O,True
236,2-keto-3-deoxy-6-phosphogluconate,O=C(O)C(=O)C[C@H](O)[C@H](O)COP(=O)(O)O,True
237,Mannose-6-phosphate,O=P(O)(O)OCC1OC(O)C(O)C(O)C1O,True
238,Formaldehyde,C=O,True
239,Methylglyoxal,CC(=O)C=O,True
240,Rhamnulose-1-phosphate,C[C@H](O)[C@@H](O)[C@H](O)C(=O)COP(=O)(O)O,True
241,Raffinose,OC[C@H]1O[C@H](OC[C@H]2O[C@H](O[C@]3(CO)O[C@H](CO)[C@@H](O)[C@@H]3O)[C@H](O)[C@@H](O)[C@@H]2O)[C@H](O)[C@@H](O)[C@H]1O,False
242,"3,3'-neotrehalosadiamine",N[C@@H]1[C@@H](O)[C@H](O[C@H]2O[C@H](CO)[C@@H](O)[C@H](N)[C@H]2O)O[C@H](CO)[C@H]1O,False
243,Ramoplanin,CCCC=CC=CC(O)=NC(CC(=N)O)C(O)=NC(CC(=N)O)C(O)=NC(C(O)=NC(CCCN)C(O)=NC(C(O)=NC(C(O)=NC(C(O)=NC(C(O)=NC(Cc1ccccc1)C(O)=NC(CCCN)C(O)=NC(C(O)=NC(C(O)=NC(C(O)=NCC(O)=NC(CC(C)C)C(O)=NC(C)C(O)=NC(C(=O)O)C1CCC(O)C(Cl)C1)C1CCC(O)CC1)C(C)O)C1CCC(O)CC1)C(C)O)C1CCC(O)CC1)C1CCC(O)CC1)C(C)O)C1CCC(O)CC1,False
244,P-coumaric acid,O=C(O)/C=C/c1ccc(O)cc1,False
245,Citrate,O=C(O)CC(O)(CC(=O)O)C(=O)O,True
246,Tungsten,[W],True
247,Glycine,NCC(=O)O,True
248,N-acetylmuramate-6-phosphate,CC(O)=N[C@H]1C(O)O[C@H](COP(=O)(O)O)[C@@H](O)[C@@H]1O[C@H](C)C(=O)O,True
249,Pyruvate,CC(=O)C(=O)O,True
250,Glycolate,O=C(O)CO,True
251,Adenosine diphosphate ribose,Nc1ncnc2c1ncn2[C@@H]1O[C@H](COP(=O)(O)OP(=O)(O)OC[C@H]2O[C@@H](O)[C@H](O)[C@@H]2O)[C@@H](O)[C@H]1O,True
252,4-hydroxyphenylpyruvate,O=C(O)C(=O)Cc1ccc(O)cc1,True
253,L-malate,O=C(O)C[C@@H](O)C(=O)O,True
254,Paraquat,C[n+]1ccc(-c2cc[n+](C)cc2)cc1,False
255,Ethanolamine,NCCO,True
256,"Ll-2,6-diaminopimelate",N[C@@H](CCC[C@H](N)C(=O)O)C(=O)O,True
257,Biotin,O=C(O)CCCC[C@@H]1SC[C@@H]2N=C(O)N[C@@H]21,True
258,2-acetolactate,CC(=O)C(C)(O)C(=O)O,True
259,Acetohydroxybutyrate,CCC(O)(C(C)=O)C(=O)O,True
260,Gamma-aminobutyric acid,NCCCC(=O)O,True
261,Deoxyribose-5-phosphate,O=P(O)(O)OCC1OC(O)CC1O,True
262,Maltose-6-phosphate,O=P(O)(O)OC[C@H]1O[C@H](O[C@H]2[C@H](O)[C@@H](O)[C@@H](O)O[C@@H]2CO)[C@H](O)[C@@H](O)[C@@H]1O,True
263,"4,5-dihydroxypentan-2,3-dione",CC(=O)C(=O)C(O)CO,True
264,Nad,N=C(O)c1ccc[n+]([C@@H]2O[C@H](COP(=O)(O)OP(=O)(O)OC[C@H]3O[C@@H](n4cnc5c(N)ncnc54)[C@H](O)[C@@H]3O)[C@@H](O)[C@H]2O)c1,True
265,Pyrimidine nucleoside,OC[C@H]1O[C@@H]([n+]2cccnc2)[C@H](O)[C@@H]1O,False
266,Taurine,NCCS(=O)(=O)O,True
267,Fructoselysine 6-phosphate,N[C@@H](CCCCNCC(=O)[C@@H](O)[C@H](O)[C@H](O)COP(=O)(O)O)C(=O)O,False
268,Flavin mononucleotide,Cc1cc2nc3c(O)nc(=O)nc-3n(C[C@H](O)[C@H](O)[C@H](O)COP(=O)(O)O)c2cc1C,True
269,2-deoxy-5-keto-d-gluconate 6-phosphate,O=C(O)C[C@@H](O)[C@H](O)C(=O)COP(=O)(O)O,False
270,Adenosine,Nc1ncnc2c1ncn2[C@@H]1O[C@H](CO)[C@@H](O)[C@H]1O,True
271,"4,5-dihydroxy-2,3-pentanedione",CC(=O)C(=O)[C@@H](O)CO,True
272,Autoinducer-2,C[C@]12OC[C@H](O)[C@@]1(O)O[B-](O)(O)O2,False
273,"(2r,4s)-2-methyl-2,3,3,4-tetrahydroxytetrahydrofuran",C[C@@]1(O)OC[C@H](O)C1(O)O,False
274,"(4s)-4-hydroxy-5-phosphooxypentane-2,3-dione",CC(=O)C(=O)[C@@H](O)COP(=O)(O)O,False
275,R6g,CCN=c1cc2oc3cc(NCC)c(C)cc3c(-c3ccc(C(O)=NCCCCCCO)cc3C(=O)O)c-2cc1C,False
276,L-arginine,N=C(N)NCCC[C@H](N)C(=O)O,True
277,5-ketogluconate,O=C(CO)[C@@H](O)[C@H](O)[C@@H](O)C(=O)O,True
278,L-homocysteine,N[C@@H](CCS)C(=O)O,True
279,Hypoxanthine,Oc1ncnc2[nH]cnc12,True
280,Menadione,CC1=CC(=O)c2ccccc2C1=O,False
281,Phenazine methosulfate,C[n+]1c2ccccc2nc2ccccc21,False
282,Plumbagin,CC1=CC(=O)c2c(O)cccc2C1=O,False
283,Adenosine 5' phosphosulphate,Nc1ncnc2c1ncn2[C@@H]1O[C@H](COP(=O)(O)OS(=O)(=O)O)[C@@H](O)[C@H]1O,True
284,D-serine,N[C@H](CO)C(=O)O,True
285,D-fucose,CC1OC(O)C(O)C(O)C1O,True
286,Maltotriose,OCC1OC(OC2C(CO)OC(OC3C(CO)OC(O)C(O)C3O)C(O)C2O)C(O)C(O)C1O,True
287,Aes,NCCc1ccc(S(=O)(=O)F)cc1,False
288,Adp,Nc1ncnc2c1ncn2[C@@H]1O[C@H](COP(=O)(O)OP(=O)(O)O)[C@@H](O)[C@H]1O,True
289,Fructuronate,O=C(O)[C@H]1OC(O)(CO)[C@@H](O)[C@@H]1O,True
290,Alpha-d-glucuronate,O=C(O)[C@H]1O[C@H](O)[C@H](O)[C@@H](O)[C@@H]1O,True
291,Allolactose,OCC1OC(OCC2OC(O)C(O)C(O)C2O)C(O)C(O)C1O,True
292,Alpha-l-rhamnopyranose,C[C@@H]1O[C@@H](O)[C@H](O)[C@H](O)[C@H]1O,True
293,Leucine,CC(C)CC(N)C(=O)O,True
294,Purine,c1ncc2nc[nH]c2n1,False
295,Sodium,[Na],True
296,N-monoacetylchitobiose-6-phosphate,CC(O)=N[C@H]1[C@H](O[C@H]2[C@H](O)[C@@H](N)C(O)O[C@@H]2CO)O[C@H](COP(=O)(O)O)[C@@H](O)[C@@H]1O,False
297,L-carnitine,C[N+](C)(C)C[C@H](O)CC(=O)O,True
298,Carbonyl cyanide p-(trifluoro-methoxy)phenylhydrazone,N#CC(C#N)=NNc1ccc(OC(F)(F)F)cc1,False
299,N-acetyl-l-serine,CC(O)=N[C@@H](CO)C(=O)O,False
300,Sulphide,[S-2],True
301,O-acetyl-l-serine,CC(=O)OC[C@H](N)C(=O)O,True
302,Cytidine,N=c1ccn([C@@H]2O[C@H](CO)[C@@H](O)[C@H]2O)c(O)n1,True
303,Methyl-5'-thioadenosine,C[C@@]1(n2cnc3c(N)ncnc32)O[C@H](CS)[C@@H](O)[C@H]1O,False
304,Adenosyl-l-methionine,C[S+](CC[C@H](N)C(=O)O)C[C@H]1O[C@@H](n2cnc3c(N)ncnc32)[C@H](O)[C@@H]1O,True
305,Biotinyl-5'-amp,Nc1ncnc2c1ncn2[C@@H]1O[C@H](COP(=O)(O)OC(=O)CCCC[C@@H]2SCC3N=C(O)NC32)[C@@H](O)[C@H]1O,False
306,Datp,Nc1ncnc2c1ncn2[C@H]1C[C@H](O)[C@@H](COP(=O)(O)OP(=O)(O)OP(=O)(O)O)O1,True
307,Gold,[Au],True
308,"3-(2,3-dihydroxyphenyl)propionate [dhpp]",O=C(O)CCc1cccc(O)c1O,True
309,Alpha-d-xylopyranose,O[C@@H]1[C@@H](O)[C@@H](O)OC[C@H]1O,True
310,Xanthosine,OC[C@H]1O[C@@H](n2cnc3c(O)nc(O)nc32)[C@H](O)[C@@H]1O,True
311,Mercury ion(hg2+),[Hg+2],True
312,Acyl-coa,CC(=O)SCCN=C(O)CCN=C(O)[C@H](O)C(C)(C)COP(=O)(O)OP(=O)(O)OC[C@H]1O[C@@H](n2cnc3c(N)ncnc32)[C@H](O)[C@@H]1OP(=O)(O)O,True
313,L-lactose,OC[C@H]1O[C@@H](OC[C@H]2OC(O)[C@H](O)[C@@H](O)[C@@H]2O)[C@H](O)[C@@H](O)[C@H]1O,True
314,Allantoin,N=C(O)NC1N=C(O)N=C1O,True
315,Cyanate,N#CO,True
316,Glyoxylate,O=CC(=O)O,True
317,N-acetyl-d-glucosamine-6-phosphate,CC(O)=NC1C(O)OC(COP(=O)(O)O)C(O)C1O,True
318,Hca,O=C(C(Cl)(Cl)Cl)C(Cl)(Cl)Cl,False
319,L-alanine,C[C@H](N)C(=O)O,True
320,Thymine,Cc1cnc(O)nc1O,True
321,Met-oxidized,CS(=O)CCC(N)C(=O)O,True
322,Methyl,[CH3],True
323,6-sulfo-d-quinovose,O=S(=O)(O)C[C@H]1OC(O)[C@H](O)[C@@H](O)[C@@H]1O,False
324,Glutarate,O=C(O)CCCC(=O)O,False
325,L-ascorbate 6-phosphate,O=C1O[C@H]([C@@H](O)COP(=O)(O)O)C(O)=C1O,True
326,D-xylonate,O=C(O)[C@H](O)[C@@H](O)[C@H](O)CO,False
327,L-tartrate,O=C(O)[C@H](O)[C@@H](O)C(=O)O,True
328,N-dodecanoyl-l-homoserine lactone,CCCCCCCCCCCC(O)=N[C@H]1CCOC1=O,False
329,N-decanoyl-l-homoserine lactone,CCCCCCCCCC(O)=N[C@H]1CCOC1=O,False
330,N-tetradecanoyl-l-homoserine lactone,CCCCCCCCCCCCCC(O)=N[C@H]1CCOC1=O,False
331,N-octanoyl-l-homoserine lactone,CCCCCCCC(O)=N[C@H]1CCOC1=O,False
332,N-butyryl-l-homoserine lactone,CCCC(O)=N[C@H]1CCOC1=O,False
333,N-hexanoyl-l-homoserine lactone,CCCCCC(O)=N[C@H]1CCOC1=O,False
334,N-(p-coumaroyl)-l-homoserine lactone,O=C1OCC[C@@H]1N=C(O)/C=C/c1ccc(O)cc1,False
335,N-(3-hydroxybutanoyl)-l-homoserine lactone,CC(O)CC(O)=NC1CCOC1=O,False
336,N-(3-hydroxyhexanoyl)-l-homoserine lactone,CCCC(O)CC(O)=NC1CCOC1=O,False
337,N-heptanoyl-l-homoserine lactone,CCCCCCC(O)=N[C@H]1CCOC1=O,False
338,N-(3-hydroxytetradecanoyl)-l-homoserine lactone,CCCCCCCCCCCC(O)CC(O)=N[C@H]1CCOC1=O,False
339,N-isovaleryl-l-homoserine lactone,CC(C)CC(O)=N[C@H]1CCOC1=O,False
340,N-(3-oxohexanoyl)-l-homoserine lactone,CCCC(=O)CC(O)=N[C@H]1CCOC1=O,False
341,N-(3-oxotetradecanoyl)-l-homoserine lactone,CCCCCCCCCCCC(=O)CC(O)=N[C@H]1CCOC1=O,False
342,N-(3-oxodecanoyl)-l-homoserine lactone,CCCCCCCC(=O)CC(O)=N[C@H]1CCOC1=O,False
343,N-(3-oxododecanoyl)-l-homoserine lactone,CCCCCCCCCC(=O)CC(O)=N[C@H]1CCOC1=O,False
344,N-(3-oxooctanoyl)-l-homoserine lactone,CCCCCC(=O)CC(O)=N[C@H]1CCOC1=O,False
345,N-(3-hydroxyoctanoyl)-l-homoserine lactone,CCCCCC(O)CC(O)=NC1CCOC1=O,False
346,N-(3-hydroxytetradec-7-enoyl)-l-homoserine lactone,CCCCCC/C=C\CCCC(O)CC(O)=N[C@H]1CCOC1=O,False
347,N-(3-hydroxydodecanoyl)-l-homoserine lactone,CCCCCCCCCC(O)CC(O)=NC1CCOC1=O,False
348,N-(3-hydroxydecanoyl)-l-homoserine lactone,CCCCCCCC(O)CC(O)=NC1CCOC1=O,False
349,N-(3-hydroxyhexadecanoyl)-l-homoserine lactone,CCCCCCCCCCCCCC(O)CC(O)=NC1CCOC1=O,False
350,N-pentanoyl-l-homoserine lactone,CCCCC(O)=NC1CCOC1=O,False
351,N-tetradec-7-enoyl-l-homoserine lactone,CCCCCC/C=C/CCCCCC(O)=NC1CCOC1=O,False
352,N-(3-oxoheptanoyl)-l-homoserine lactone,CCCCC(=O)CC(O)=NC1CCOC1=O,False
353,N-(3-oxononanoyl)-l-homoserine lactone,CCCCCCC(=O)CC(O)=NC1CCOC1=O,False
354,N-(7-methyloctanoyl)-l-homoserine lactone,CC(C)CCCCCC(O)=N[C@H]1CCOC1=O,False
355,N-(3-hydroxy-7-methyloctanoyl)-l-homoserine lactone,CC(C)CCCC(O)CC(O)=N[C@H]1CCOC1=O,False
356,N-(3-hydroxy-5-methylhexanoyl)-l-homoserine lactone,CC(C)CCCC(O)=N[C@H]1CCOC1=O,False
357,N-homoadipyl-l-homoserine lactone,O=C(O)CCCCCC(O)=NCC1CCOC1=O,False
358,N-(5-methylhexanoyl)-l-homoserine lactone,CC(C)CC(O)CC(O)=N[C@H]1CCOC1=O,False
359,2-heptyl-3-hydroxy-4(1h)-quinolone,CCCCCCCc1[nH]c2ccccc2c(=O)c1O,False
360,"3,4-dihydroxy-2-pentyl-quinoline",CCCCCc1[nH]c2ccccc2c(=O)c1O,False
361,"3,4-dihydroxy-2-undecyl-quinoline",CCCCCCCCCCCc1[nH]c2ccccc2c(=O)c1O,False
362,2-heptyl-4-hydroxy-quinoline,CCCCCCCc1cc(O)c2ccccc2[n+]1[O-],False
363,"3,4-dihydroxy-2-hexyl-quinoline",CCCCCCc1[nH]c2ccccc2c(=O)c1O,False
364,2-heptylquinolin-4(1h)-one,CCCCCCCc1cc(=O)c2ccccc2[nH]1,False
365,"3,4-dihydroxy-2-octyl-quinoline",CCCCCCCCc1[nH]c2ccccc2c(=O)c1O,False
366,2-hexyl-4-hydroxy-quinoline,CCCCCCc1cc(=O)c2ccccc2[nH]1,False
367,2-hexyl-4-hydroxy-quinoline-n-oxide,CCCCCCc1cc(O)c2ccccc2[n+]1[O-],False
368,"3,4-dihydroxy-2-nonyl-quinoline",CCCCCCCCCc1[nH]c2ccccc2c(=O)c1O,False
369,2-hept-2-enyl-4-hydroxy-quinoline-n-oxide,CCCC/C=C/Cc1c(C)c(O)c2ccccc2[n+]1[O-],False
370,4-hydroxy-2-non-2-enyl-quinoline-n-oxide,CCCCCC/C=C/Cc1cc(O)c2ccccc2[n+]1[O-],False
371,4-hydroxy-2-pentyl-quinoline,CCCCCc1cc(=O)c2ccccc2[nH]1,False
372,4-hydroxy-2-pentyl-quinoline-n-oxide,CCCCCc1cc(O)c2ccccc2[n+]1[O-],False
373,4-hydroxy-2-octyl-quinoline-n-oxide,CCCCCCCCc1cc(O)c2ccccc2[n+]1[O-],False
374,4-hydroxy-2-undecyl-quinoline,CCCCCCCCCCCc1cc(=O)c2ccccc2[nH]1,False
375,4-hydroxy-2-octyl-quinoline,CCCCCCCCc1cc(=O)c2ccccc2[nH]1,False
376,4-hydroxy-2-undecyl-quinoline-n-oxide,CCCCCCCCCCCc1cc(O)c2ccccc2[n+]1[O-],False
377,4-hydroxy-2-oct-2-enyl-quinoline-n-oxide,CCCCC/C=C/Cc1cc(O)c2ccccc2[n+]1[O-],False
378,4-hydroxy-2-nonyl-quinoline-n-oxide,CCCCCCCCCc1cc(O)c2ccccc2[n+]1[O-],False
379,4-hydroxy-2-nonyl-quinoline,CCCCCCCCCc1cc(=O)c2ccccc2[nH]1,False
380,4-hydroxy-undec-2enyl-quinoline,CCCCCCCC/C=C/Cc1cc(=O)c2ccccc2[nH]1,False
381,4-hydroxy-non-2enyl-quinoline,CCCCCC/C=C/Cc1cc(=O)c2ccccc2[nH]1,False
382,5-(2-phenylethenyl)-2-(propan-2-yl)-benzenediol,CC(C)c1c(O)cc(/C=C/c2ccccc2)cc1O,False
383,5-pentyl-2-(propan-2-yl)-benzenediol,CCCCCc1cc(O)c(C(C)C)c(O)c1,False
384,5-(4-methylpentyl)-2-(propan-2-yl)-cyclohexanedione,CC(C)CCCc1cc(O)c(C(C)C)c(O)c1,False
385,5-(2-phenylethyl)-2-(propan-2-yl)-cyclohexanedione,CC(C)C1C(=O)CC(CCc2ccccc2)CC1=O,False
386,5-(2-phenylethyl)-2-(propan-2-yl)-benzenediol,CC(C)c1c(O)cc(CCc2ccccc2)cc1O,False
387,5-(2-phenylethenyl)-2-(propan-2-yl)-cyclohexanedione,CC(C)C1C(=O)CC(/C=C/c2ccccc2)CC1=O,False
388,5-heptyl-2-(propan-2-yl)-benzenediol,CCCCCCCc1cc(O)c(C(C)C)c(O)c1,False
389,N-hexadec-9-enoyl-l-homoserine lactone,CCCCCC/C=C/CCCCCCCC(O)=NC1CCOC1=O,False
390,N-(3-oxohexadecanoyl)-l-homoserine lactone,CCCCCCCCCCCCCC(=O)CC(O)=N[C@H]1CCOC1=O,False
391,N-(3-oxohexadec-9-enoyl)-l-homoserine lactone,CCCCCC/C=C\CCCCCC(=O)CC(O)=N[C@H]1CCOC1=O,False
392,N-hexadecanoyl-l-homoserine lactone,CCCCCCCCCCCCCCCC(O)=NC1CCOC1=O,False
393,N-octadecanoyl-l-homoserine lactone,CCCCCCCCCCCCCCCCCC(O)=NC1CCOC1=O,False
394,N-decenoyl-l-homoserine lactone,C=CCCCCCCCC(O)=NC1CCOC1=O,False
395,N-oct-2-enoyl-l-homoserine lactone,CCCCC/C=C/C(O)=NC1CCOC1=O,False
396,"N-octadec-2,11-dienoyl-l-homoserine lactone",CCCCCC/C=C/CCCCCCC/C=C/C(O)=N[C@H]1CCOC1=O,False
397,N-octadec-11-enoyl-l-homoserine lactone,CCCCCCCC/C=C\CCCCCCCC(O)=N[C@H]1CCOC1=O,False
398,Phloretin,O=C(CCc1ccc(O)cc1)c1c(O)cc(O)cc1O,False
399,Berberine,COc1ccc2cc3[n+](cc2c1OC)CCc1cc2c(cc1-3)OCO2,False
400,Acrylate,C=CC(=O)O,False
401,Kaempferol,O=c1c(O)c(-c2ccc(O)cc2)oc2cc(O)cc(O)c12,False
402,Camphor,CC12CCC(CC1=O)C2(C)C,False
403,Novobiocin,CO[C@@H]1[C@@H](OC(=N)O)[C@@H](O)[C@H](Oc2ccc3c(O)c(NC(=O)c4ccc(O)c(CC=C(C)C)c4)c(=O)oc3c2C)OC1(C)C,False
404,"2,4-dapg",CC(=O)c1c(O)cc(O)c(C(C)=O)c1O,False
405,Triclosan,Oc1cc(Cl)ccc1Oc1ccc(Cl)cc1Cl,False
406,(s)-dnpa,CC1=C2C(=O)c3c(O)cccc3C=C2C[C@@H](CC(=O)O)O1,False
407,Actinorhodin,C[C@H]1O[C@H](CC(=O)O)Cc2c1c(O)c1c(O)c(-c3cc(=O)c4c(=O)c5c(c(=O)c=4c3=O)[C@@H](C)O[C@H](CC(=O)O)C5)cc(O)c1c2O,False
408,Panamycin 607,CCCC(C[C@@H]1CC[C@H]([C@@H](C)[C@@H]2OC(=O)[C@@H](C)[C@H]3CC[C@@H](C[C@H](CCC)OC(=O)[C@H](C)[C@H]4CC[C@H](O4)[C@H]2C)O3)O1)N(C)C,False
409,Genistein,O=c1c(-c2ccc(O)cc2)coc2cc(O)cc(O)c12,False
410,Daidzein,O=c1c(-c2ccc(O)cc2)coc2cc(O)ccc12,False
411,Tetracenomycin c,COC(=O)c1c(OC)cc2cc3c(c(O)c2c1C)C(=O)[C@]1(O)C(=O)C=C(OC)[C@@H](O)[C@]1(O)C3=O,False
412,Resorcinol,Oc1cccc(O)c1,False
413,Hydroxyquinol,Oc1ccc(O)c(O)c1,False
414,Heme,C=Cc1c(C)c2cc3[nH]c(cc4nc(cc5nc(cc1[nH]2)C(C)=C5CCC(=O)O)C(CCC(=O)O)=C4C)c(C)c3C=C,True
415,Malonate,O=C(O)CC(=O)O,False
416,Cis-cis muconate,O=C(O)/C=C\C=C/C(=O)O,False
417,Octopine,C[C@@H](N[C@@H](CCCNC(=N)N)C(=O)O)C(=O)O,False
418,Urea,N=C(N)O,True
419,Feruloyl-coa,COc1cc(/C=C/C(=O)SCCN=C(O)CCN=C(O)[C@H](O)C(C)(C)COP(=O)(O)OP(=O)(O)OC[C@H]2O[C@@H](n3cnc4c(N)ncnc43)[C@H](O)[C@@H]2OP(=O)(O)O)ccc1O,False
420,2-ketocyclohexane-1-carboxyl-coa,CC(C)(COP(=O)(O)OP(=O)(O)OCC1OC(n2cnc3c(N)ncnc32)C(O)C1OP(=O)(O)O)C(O)C(=O)NCCC(=O)NCCSC(=O)C1CCCCC1=O,False
421,4-coumaroyl-coa,CC(C)(COP(=O)(O)OP(=O)(O)OC[C@H]1O[C@@H](n2cnc3c(N)ncnc32)[C@H](O)[C@@H]1OP(=O)(O)O)[C@@H](O)C(O)=NCCC(O)=NCCSC(=O)/C=C/c1ccc(O)cc1,False
422,Caffeoyl-coa,CC(C)(COP(=O)(O)OP(=O)(O)OC[C@H]1O[C@@H](n2cnc3c(N)ncnc32)[C@H](O)[C@@H]1OP(=O)(O)O)[C@@H](O)C(O)=NCCC(O)=NCCSC(=O)/C=C/c1ccc(O)c(O)c1,False
423,Sinapoyl-coa,COc1cc(/C=C/C(=O)SCCN=C(O)CCN=C(O)[C@H](O)C(C)(C)COP(=O)(O)OP(=O)(O)OC[C@H]2O[C@@H](n3cnc4c(N)ncnc43)[C@H](O)[C@@H]2OP(=O)(O)O)cc(OC)c1O,False
424,Rishirilide a,CC(C)CC[C@]1(O)[C@@]2(O)C(=O)O[C@]13C(=Cc1cccc(O)c1C3O)C(=O)[C@H]2C,False
425,Iptg,CC(C)S[C@@H]1O[C@H](CO)[C@H](O)[C@H](O)[C@H]1O,False
426,Laminaribiose,OC[C@H]1O[C@@H](O[C@H]2[C@H](O)[C@@H](CO)OC(O)[C@@H]2O)[C@H](O)[C@@H](O)[C@@H]1O,False
427,"3,6-anhydro-l-galactose",O=C[C@@H](O)[C@@H]1OC[C@H](O)[C@H]1O,False
428,(s)-4-amino-5-phenylpentanoate,NC(CCC(=O)O)Cc1ccccc1,False
429,D-lactate,C[C@@H](O)C(=O)O,True
430,Testosterone,C[C@]12CC[C@H]3[C@@H](CCC4=CC(=O)CC[C@@]43C)[C@@H]1CC[C@@H]2O,False
431,3oc6hsl,CCCC(=O)CC(O)=NC1CCOC1=O,False
432,Terephthalate,O=C(O)c1ccc(C(=O)O)cc1,False
433,"2,6-dihydroxybenzoate",O=C(O)c1c(O)cccc1O,False
434,Phthalate,O=C(O)c1ccccc1C(=O)O,False
435,Isophthalate,O=C(O)c1cccc(C(=O)O)c1,False
